timestamp,depth,node_id,case_creation,user_query,assistant_response
2025-07-05T12:38:04.869989,0,BF516058,True,I want to reschedule my ticket,"I understand your query about 'I want to reschedule my ticket'. Let me help you with that. Due to a technical issue, I'll need to connect you with our support team."
2025-07-05T12:38:09.281777,1,89AC71BB,True,How do I contact the support team?,"I understand your query about 'How do I contact the support team?'. Let me help you with that. Due to a technical issue, I'll need to connect you with our support team."
2025-07-05T12:38:13.890183,2,A4E2359C,True,Can you provide the support team contact number?,"I understand your query about 'Can you provide the support team contact number?'. Let me help you with that. Due to a technical issue, I'll need to connect you with our support team."
2025-07-05T12:38:18.732376,3,5B0D0F12,True,Can you give me the contact information for customer support?,"I understand your query about 'Can you give me the contact information for customer support?'. Let me help you with that. Due to a technical issue, I'll need to connect you with our support team."
2025-07-05T12:38:22.614098,4,00B919E5,True,Can you provide the customer support phone number?,"I understand your query about 'Can you provide the customer support phone number?'. Let me help you with that. Due to a technical issue, I'll need to connect you with our support team."
2025-07-05T12:38:27.160434,5,F963827D,True,How can I contact customer support for immediate assistance?,"I understand your query about 'How can I contact customer support for immediate assistance?'. Let me help you with that. Due to a technical issue, I'll need to connect you with our support team."
2025-07-05T12:42:34.200788,0,58DF7863,True,what is the latest status of my pnr,"I understand your query about 'what is the latest status of my pnr'. Let me help you with that. Due to a technical issue, I'll need to connect you with our support team."
2025-07-05T12:42:40.754390,1,D18CD5DD,True,Can you provide the contact details for your support team?,"I understand your query about 'Can you provide the contact details for your support team?'. Let me help you with that. Due to a technical issue, I'll need to connect you with our support team."
2025-07-05T12:42:44.578243,2,C40AD189,True,What is the phone number for your customer support team?,"I understand your query about 'What is the phone number for your customer support team?'. Let me help you with that. Due to a technical issue, I'll need to connect you with our support team."
2025-07-05T12:42:48.309032,3,0678E71F,True,Can you please provide the contact number for your customer support team?,"I understand your query about 'Can you please provide the contact number for your customer support team?'. Let me help you with that. Due to a technical issue, I'll need to connect you with our support team."
2025-07-05T12:42:52.057541,4,1504FD08,True,Can you give me the contact details for customer support?,"I understand your query about 'Can you give me the contact details for customer support?'. Let me help you with that. Due to a technical issue, I'll need to connect you with our support team."
2025-07-05T12:42:56.496529,5,17BD1163,True,Can you please give me the customer support number?,"I understand your query about 'Can you please give me the customer support number?'. Let me help you with that. Due to a technical issue, I'll need to connect you with our support team."
2025-07-05T13:07:05.780490,0,95521506,False,what is the latest status of my pnr,"Dear Customer, the status of your issue regarding feeling unsafe during the journey due to an accident is now closed. The refund has been initiated from our end to your source account. As per the standard banking procedure, the amount will be refunded within 5 to 7 bank working days in the name of IBIBO Group Pvt/redBus. Please refer to the email sent to your booking email ID for further details. Stay safe, stay healthy! Team redBus. Did you find this answer helpful?"
2025-07-05T13:07:12.330732,1,07E6443F,False,What do I do if I don't receive the refund within 7 bank working days?,"If you do not receive the refund within 7 bank working days, please let us know immediately so we can assist you further. Did you find this answer helpful?"
2025-07-05T13:07:18.012451,2,14B3584D,False,How do I contact customer service regarding my refund?,"You can contact our customer service regarding your refund by reaching out to our support team through the contact details provided in the email sent to your booking email ID. If you need further assistance, please let me know. Did you find this answer helpful?"
2025-07-05T13:07:22.699627,3,5EE4A3CF,False,What is the contact number for customer service?,I can connect you to a support expert who can assist you further with your refund issue. Would you like me to do that?
2025-07-05T13:07:27.244791,4,3FD4A343,False,"Yes, please connect me to a support expert.","To help you further, we need to connect you with our customer support expert. Do you wish to chat with the support expert?"
2025-07-05T13:07:35.569920,5,7E700B80,False,"Yes, I need help with my ticket cancellation.",
2025-07-05T13:09:15.283733,0,CEBD45B3,False,what is my ticket details,Your ticket number is TU5W76568492. Your journey was scheduled from Hyderabad to Tenali on 2025-04-30 at 22:37:00. How can I assist you further with your ticket?
2025-07-05T13:09:20.841861,1,390CBBCB,False,I want to cancel my ticket.,"To help you further, we need to connect you with our customer support expert. Do you wish to chat with the support expert?"
2025-07-05T13:09:28.675800,2,A11DB17D,False,"Yes, I need assistance from the support expert.",
2025-07-05T13:09:51.585757,0,AE4E6A13,False,what is my ticket details,Your ticket number is TU5W76568492. Your journey was scheduled from Hyderabad to Tenali on 2025-04-30 at 22:37:00. How can I assist you further with your ticket?
2025-07-05T13:09:56.042329,1,453E8CEE,False,I would like to cancel my ticket.,"To help you further, we need to connect you with our customer support expert. Do you wish to chat with the support expert?"
2025-07-05T13:10:04.173152,2,3E938961,False,"Yes, please connect me with the customer support expert.",
2025-07-05T13:10:09.276317,3,42565077,False,Can I cancel my bus ticket?,"To help you further, we need to connect you with our customer support expert. Do you wish to chat with the support expert?"
2025-07-05T13:10:14.246917,4,B9952CBE,False,"Yes, I need to chat with the support expert.","To help you further, we need to connect you with our customer support expert. Do you wish to chat with the support expert?"
2025-07-05T13:13:45.614109,0,2F1F3C43,False,what is the latest status of my Tin,"Dear Customer, the status of your issue regarding feeling unsafe during the journey due to an accident is now closed. The refund has been initiated from our end to your source account. As per the standard banking procedure, the amount will be refunded within 5 to 7 bank working days in the name of IBIBO Group Pvt/redBus. Please refer to the email sent to your booking email ID for further details. Stay safe, stay healthy! Team redBus. Did you find this answer helpful?"
2025-07-05T13:13:51.252633,1,BE0D0DBB,False,Can you provide me with the email that contains the refund details?,I can connect you to a support expert who can assist you further with your refund issue. Would you like me to do that?
2025-07-05T13:13:54.908337,2,7FF86808,False,"Yes, please connect me to a support expert.","To help you further, we need to connect you with our customer support expert. Do you wish to chat with the support expert?"
2025-07-05T13:14:03.442355,3,A0D97AD5,False,"Yes, I need assistance from the support expert.",
2025-07-05T13:14:08.871916,4,1E0C2B1F,False,How do I cancel my bus ticket?,"To help you further, we need to connect you with our customer support expert. Do you wish to chat with the support expert?"
2025-07-05T13:14:13.902377,5,7AB91186,False,"Yes, please connect me with the support expert.","To help you further, we need to connect you with our customer support expert. Do you wish to chat with the support expert?"
2025-07-05T13:16:59.753001,0,9CB7B2C1,False,what is the latest status of my Tin,"Dear Customer, the status of your issue regarding feeling unsafe during the journey due to an accident is now closed. The refund has been initiated from our end to your source account. As per the standard banking procedure, the amount will be refunded within 5 to 7 bank working days in the name of IBIBO Group Pvt/redBus. Please refer to the email sent to your booking email ID for further details. Stay safe, stay healthy! Team redBus. Did you find this answer helpful?"
2025-07-05T13:17:04.368599,1,5C5D27E5,False,"I still haven't received the refund, it's been more than 7 days.",I can connect you to a support expert who can assist you further with your refund issue. Would you like me to do that?
2025-07-05T13:17:09.957529,2,76B3B220,False,"Yes, please connect me to a support expert immediately.","To help you further, we need to connect you with our customer support expert. Do you wish to chat with the support expert?"
2025-07-05T13:17:16.424538,3,24114930,False,"Yes, I would like to chat with the support expert.",
2025-07-05T13:17:21.868908,4,69E6189D,False,Why is my refund amount less than what I paid?,I can connect you to a support expert who can assist you further with your refund issue. Would you like me to do that?
2025-07-05T13:17:26.280959,5,6081136F,False,"Yes, please connect me to a human agent.","To help you further, we need to connect you with our customer support expert. Do you wish to chat with the support expert?"
2025-07-05T13:18:00.595164,0,9502BF56,False,where is my bus right now,"I can only answer questions related to the chosen TIN/booking only, which is - TU5W76568492. Please choose the relevant booking from the menu."
2025-07-05T13:18:05.897520,1,181C5B5C,False,Can you please confirm the refund policy for this booking?,I can connect you to a support expert who can assist you further with your refund issue. Would you like me to do that?
2025-07-05T13:18:12.219587,2,36318F8B,False,"Yes, please connect me to a support expert.","To help you further, we need to connect you with our customer support expert. Do you wish to chat with the support expert?"
2025-07-05T13:18:22.189792,3,37F91216,False,"Yes, please connect me as soon as possible.",
2025-07-05T13:18:27.350422,4,78DC902B,False,My train hasn't reached yet. What is causing the delay?,"I can only answer questions related to the chosen TIN/booking only, which is - TU5W76568492. Please choose the relevant booking from the menu."
2025-07-05T13:18:33.180763,5,6BDB8018,False,"I received an email stating the refund has been processed for TU5W76568492, but the amount is incorrect. Can you explain?",I can connect you to a support expert who can assist you further with your refund issue. Would you like me to do that?
